iter,nmi,vmea,ari,loss
0,0.99263,0.99263,0.99502,0.0
0,2e-05,0.0,0.0,0.0
0,2e-05,0.0,0.0,0.0
