iter,nmi,vmea,ari,loss
0,0.97645,0.97645,0.97784,0.0
0,-2e-05,-0.0,0.0,0.0
