iter,nmi,vmea,ari,loss
0,0.94334,0.94334,0.92603,0.0
0,2e-05,0.0,0.0,0.0
